06/02/2025,12:09:38 AM,help
06/02/2025,12:10:03 AM,exit
06/02/2025,12:10:05 AM,y
06/02/2025,12:10:57 AM,exit
06/02/2025,12:10:58 AM,y
06/02/2025,12:30:57 AM,h
06/02/2025,12:30:59 AM,help
06/02/2025,12:31:22 AM,..
06/02/2025,12:31:27 AM,help
06/02/2025,12:31:37 AM,..
06/02/2025,12:31:41 AM,help
06/02/2025,12:32:29 AM,h
06/02/2025,12:32:43 AM,..
06/02/2025,12:32:48 AM,h
06/02/2025,12:34:40 AM,..
06/02/2025,12:34:46 AM,cls
06/02/2025,12:35:03 AM,fsdf
06/02/2025,12:35:31 AM,dfgdg
06/02/2025,12:35:35 AM,help
06/02/2025,12:42:18 AM,fsdf
06/02/2025,12:42:20 AM,..
06/02/2025,12:42:30 AM,git
06/02/2025,12:42:33 AM,git status
06/02/2025,12:42:36 AM,git add .
06/02/2025,12:42:40 AM,system
06/02/2025,12:44:16 AM,sys
06/02/2025,12:44:20 AM,299792458
06/02/2025,12:46:48 AM,..
06/02/2025,12:46:55 AM,sys
06/02/2025,12:46:57 AM,...
06/02/2025,12:48:48 AM,..
06/02/2025,12:48:57 AM,sys
06/02/2025,12:48:59 AM,...
06/02/2025,12:50:07 AM,..
06/02/2025,12:50:11 AM,sys
06/02/2025,12:50:13 AM, 
06/02/2025,12:50:45 AM,..
06/02/2025,12:50:49 AM,sys
06/02/2025,12:50:54 AM,...
06/02/2025,12:52:14 AM,..
06/02/2025,12:52:20 AM,sys
06/02/2025,12:55:18 AM,..
06/02/2025,12:55:21 AM,..
06/02/2025,12:55:31 AM,sys
06/02/2025,12:55:41 AM,..
06/02/2025,12:57:04 AM,cdsfds
06/02/2025,12:57:07 AM,help
06/02/2025,12:57:12 AM,exit
06/02/2025,12:57:14 AM,y
06/02/2025,12:57:25 AM,..
